,Case,precision_so,recall_so,accurracy_so,F1score_so,precision_mo,recall_mo,F1score_mo
0,caseC.csv,1.0,0.45454545454545453,0.7857142857142857,0.625,1.0,0.00819672131147541,0.016260162601626018
0,caseD.csv,1.0,0.7692307692307693,0.8343558282208589,0.8695652173913044,1.0,0.4864864864864865,0.6545454545454547
0,caseA.csv,1.0,0.95,0.9636363636363636,0.9743589743589743,1.0,0.5945945945945946,0.7457627118644068
0,caseB.csv,1.0,0.9411764705882353,0.9620253164556962,0.9696969696969697,1.0,0.5365853658536586,0.6984126984126985
